ID,Event,Type,Date,Image,Description
1,National Trivia Day,activity,2023-01-04,trivia_icon.png,National Trivia Day is a celebration of knowledge and fun facts. People often participate in trivia games or quizzes to mark the occasion.
2,National Hugging Day,activity,2023-01-21,hugging_day.png,National Hugging Day encourages people to embrace the power of hugs for their physical and emotional benefits. Individuals often share warm embraces with friends and loved ones on this day.
3,Celebration of Life Day,activity,2023-01-22,tree_circle_icon.png,"Celebration of Life Day is a time to appreciate and focus on the positive aspects of life. People may celebrate by reflecting on their lives, spending time with loved ones, or engaging in activities that bring them joy."
4,National Opposite Day,activity,2023-01-25,opposite_arrows.png,"On National Opposite Day, individuals playfully do things in the opposite way, adding a lighthearted and humorous twist to their actions. It's a day for embracing creativity and breaking from the norm."
5,National Puzzle Day,activity,2023-01-29,jigsaw_puzzle.png,"National Puzzle Day celebrates the joy of solving puzzles, from crosswords to jigsaw puzzles. Many people spend the day challenging their minds with various puzzles and games."
6,Groundhog Day,activity,2023-02-02,ground_hog_icon.png,"Groundhog Day revolves around the tradition of a groundhog predicting the weather. Festivities often include ceremonies where a groundhog emerges, and its shadow (or lack thereof) is used to forecast the duration of winter."
7,National Send a Card to a Friend Day,activity,2023-02-07,love_card.png,National Send a Card to a Friend Day encourages people to express their feelings through handwritten cards. It's an opportunity to reconnect and strengthen friendships through heartfelt messages.
8,National Boy Scout Day,activity,2023-02-08,boys_scout_logo.png,National Boy Scout Day honors the Boy Scouts of America and their contributions to personal development and community service. Many scouting groups participate in special activities and events.
9,Random Act of Kindness Day,activity,2023-02-17,kindness_icon.png,"Random Act of Kindness Day encourages people to spread positivity by performing unexpected acts of kindness for others. Small gestures, such as helping a neighbor or buying someone a coffee, are common ways to celebrate."
10,Tug of War Day,activity,2023-02-19,tug_of_war.png,"Tug of War Day celebrates the sport of tug of war, emphasizing teamwork and friendly competition. Communities often organize tug of war events, bringing people together for a day of fun and physical activity."
11,National Read Across America Day,activity,2023-03-02,read_usa.png,"National Read Across America Day promotes reading and literacy. Many schools and communities host events where individuals, especially children, come together to enjoy books and storytelling."
12,National Proofreading Day,activity,2023-03-04,proofread.png,National Proofreading Day highlights the importance of proofreading and editing written content. It's an opportunity to improve communication and avoid errors in writing.
13,National Grammar Day,activity,2023-03-04,grammar_icon.png,"National Grammar Day celebrates the rules and nuances of the English language. Language enthusiasts often engage in grammar-related activities, discussions, and events."
14,National Promposal Day,activity,2023-03-11,promposal.png,"National Promposal Day is a day for creative and thoughtful prom invitations. It's common for individuals to plan elaborate or inventive ways to ask someone to prom, adding excitement to the prom season."
15,National Girl Scout Day,activity,2023-03-12,boys_scout_logo.png,National Girl Scout Day honors the Girl Scouts and their commitment to building leadership skills in young girls. Many Girl Scout troops participate in activities and events to mark this special day.
16,National Napping Day,activity,2023-03-13,nap_day.png,National Napping Day recognizes the benefits of a short nap for improved health and well-being. Some people celebrate by taking a brief nap during the day to recharge and refresh.
17,National Pi Day,activity,2023-03-14,pie_day.png,"National Pi Day celebrates the mathematical constant pi (π). Math enthusiasts often engage in activities related to pi, and some enjoy eating pie to play on the wordplay."
18,Awkward Moments Day,activity,2023-03-18,awkward.png,Awkward Moments Day encourages embracing and laughing at awkward situations. It's a lighthearted day to reflect on the humorous side of awkward moments and share stories with others.
19,National Proposal Day,activity,2023-03-20,proposal_day.png,National Proposal Day is a day for couples to express their love and commitment through marriage proposals. Many people choose this day to pop the question in memorable and romantic ways.
20,National Goof Off Day,activity,2023-03-22,goof_off.png,National Goof Off Day is a day to relax and have fun by taking a break from routine and enjoying lighthearted activities. It's an opportunity to embrace spontaneity and laughter.
21,April Fools' Day,activity,2023-04-01,april_fools.png,"April Fools' Day is known for playful and harmless pranks and jokes. People often engage in humorous antics, and the day is celebrated with laughter and good-natured mischief."
22,World Party Day,activity,2023-04-03,world_party_day.png,"World Party Day encourages people worldwide to come together and celebrate life through parties and social gatherings. It's a day to enjoy music, dance, and the company of friends and family."
23,National Walking Day,activity,2023-04-05,walking_day.png,National Walking Day promotes the health benefits of walking and encourages people to incorporate walking into their daily routines. Many communities organize walks or hiking events to celebrate.
24,National Make Lunch Count Day,activity,2023-04-13,lunch.png,National Make Lunch Count Day encourages individuals to make the most of their lunch break by enjoying a meaningful and fulfilling meal. It's a reminder to prioritize self-care and relaxation during the workday.
25,National Picnic Day,activity,2023-04-23,picnic_day.png,"National Picnic Day celebrates the joy of outdoor picnics. Many people gather with friends and family to enjoy a meal in nature, appreciating the simple pleasures of good food and company."
26,International Dance Day,activity,2023-04-29,dance_day.png,"International Dance Day is a global celebration of the art of dance. Dancers and dance enthusiasts often participate in performances, workshops, and events to showcase the diversity of dance styles."
27,National Honesty Day,activity,2023-04-30,honest.png,"National Honesty Day encourages open and truthful communication. It's a day to embrace honesty in relationships and everyday interactions, fostering trust and understanding."
28,May Day,activity,2023-05-01,may_day_worker.png,"May Day, also known as International Workers' Day, is a celebration of labor and workers' rights. Many countries observe this day with parades, demonstrations, and events to honor the contributions of workers."
29,National Paranormal Day,activity,2023-05-03,paranormal.png,"National Paranormal Day acknowledges and explores paranormal phenomena. It's a day for those interested in the supernatural to share experiences, discuss paranormal topics, and delve into the mysterious."
30,World Password Day,activity,2023-05-04,password.png,"World Password Day raises awareness about the importance of strong and secure passwords. Individuals often use this day to update passwords, enhance online security, and share tips for safe password practices."
31,International No Diet Day,activity,2023-05-06,no_diet.png,"International No Diet Day promotes body positivity and encourages people to reject diet culture. It's a day to celebrate and embrace all body types, promoting a healthy relationship with food and self-acceptance."
32,National Tourist Appreciation Day,activity,2023-05-06,tourist.png,National Tourist Appreciation Day recognizes and celebrates the contributions of tourists to local economies. It's an opportunity for communities to express gratitude for the positive impact of tourism.
33,National Tourism Day,activity,2023-05-07,travel.png,National Tourism Day celebrates the tourism industry and its role in promoting cultural exchange and economic growth. Many communities organize events to showcase local attractions and welcome visitors.
34,National Limerick Day,activity,2023-05-12,limerick.png,"National Limerick Day celebrates the humorous and whimsical form of poetry known as the limerick. People often create and share limericks, enjoying the playful and rhythmic style."
35,National Scavenger Hunt Day,activity,2023-05-24,scavenger_hunt.png,"National Scavenger Hunt Day encourages people to participate in scavenger hunts for a day of adventure and fun. It's a popular activity for groups of friends, families, and communities."
36,National Paper Airplane Day,activity,2023-05-26,paper_airplane.png,National Paper Airplane Day celebrates the simple joy of making and flying paper airplanes. People of all ages often engage in friendly competitions and share their creativity in crafting unique paper planes.
37,National Yo-Yo Day,activity,2023-06-06,yoyo.png,National Yo-Yo Day celebrates the timeless toy and the skill of yo-yoing. Yo-yo enthusiasts often showcase tricks and share their love for this classic pastime.
38,National Sewing Machine Day,activity,2023-06-13,sewing_machine.png,National Sewing Machine Day honors the invention of the sewing machine and the art of sewing. It's a day to appreciate the craftsmanship of sewing and the creative possibilities it offers.
39,National Selfie Day,activity,2023-06-21,selfie.png,"National Selfie Day embraces the cultural phenomenon of taking selfies. People often capture and share creative self-portraits, expressing themselves through photography."
40,National Kissing Day,activity,2023-06-24,kissing.png,"National Kissing Day celebrates the act of kissing and the expression of affection. Couples often take the opportunity to share kisses, and the day promotes the importance of intimacy in relationships."
41,International Day of the Seafarer,activity,2023-06-25,seafarer.png,International Day of the Seafarer honors the contributions of seafarers to the global economy and trade. It's a day to recognize the challenges they face and express appreciation for their vital role.
42,Hug Holiday,activity,2023-06-29,hugging_day.png,"Hug Holiday encourages people to spread warmth and connection through hugs. Individuals often exchange hugs with friends, family, and even strangers, promoting a sense of unity and compassion."
43,International Joke Day,activity,2023-07-01,joke_day.png,"International Joke Day celebrates humor and laughter. People often share jokes, engage in playful pranks, and enjoy comedic performances to bring joy and laughter to the day."
44,World UFO Day,activity,2023-07-02,ufo_day.png,World UFO Day raises awareness about unidentified flying objects and encourages discussions about extraterrestrial phenomena. UFO enthusiasts often gather to share stories and theories about extraterrestrial life.
45,National Bikini Day,activity,2023-07-05,bikini.png,"National Bikini Day celebrates the iconic two-piece swimsuit and the freedom of summer. Many people enjoy beach outings and pool parties, embracing the summer vibes in their bikinis."
46,International Kissing Day,activity,2023-07-06,kissing.png,International Kissing Day is a day to celebrate the act of kissing and its expression of love and affection. Couples often take the opportunity to share kisses and express their feelings for each other.
47,National Simplicity Day,activity,2023-07-12,simplicity.png,National Simplicity Day encourages people to embrace simplicity and declutter their lives. It's a day to appreciate the beauty in simplicity and focus on what truly matters.
48,Pandemonium Day,activity,2023-07-14,pandemonium.png,"Pandemonium Day embraces chaos and unpredictability. It's a lighthearted day to go with the flow, enjoy spontaneity, and find humor in the unexpected twists and turns of life."
49,National Give Something Away Day,activity,2023-07-15,give.png,"National Give Something Away Day promotes generosity and the joy of giving. People often participate by donating items, volunteering, or performing acts of kindness to make a positive impact on others."
50,World Listening Day,activity,2023-07-18,listening.png,World Listening Day encourages people to appreciate the sounds of the environment. It's a day to connect with nature and each other through mindful listening.
51,National Moon Day,activity,2023-07-20,moon.png,National Moon Day commemorates the day humans first walked on the moon. It's a celebration of space exploration and the achievements of space missions.
52,National Hammock Day,activity,2023-07-22,hammock.png,National Hammock Day encourages relaxation and leisure in the comfort of a hammock. Many people take this day to unwind and enjoy the simple pleasure of swaying in a hammock.
53,National Dance Day,activity,2023-07-30,dance_day.png,National Dance Day promotes the joy of dance and its benefits for physical and mental well-being. People often participate in dance events and share their love for dance on this day.
54,National Coloring Book Day,activity,2023-08-02,colouring_book.png,"National Coloring Book Day celebrates the creativity and therapeutic benefits of coloring. Many individuals, both children and adults, spend the day coloring in coloring books or creating their own art."
55,National Book Lovers Day,activity,2023-08-09,book_lovers.png,"National Book Lovers Day is a celebration of reading and literature. Book enthusiasts often spend the day immersed in their favorite books, discovering new stories, and sharing their love of reading."
56,National Relaxation Day,activity,2023-08-15,relax.png,"National Relaxation Day encourages people to take a break and prioritize relaxation. It's a day to unwind, de-stress, and engage in activities that bring a sense of calm."
57,National Tell A Joke Day,activity,2023-08-16,joke_day.png,National Tell A Joke Day is all about spreading laughter and joy. People often share jokes and humorous anecdotes to bring smiles to those around them.
58,National Tooth Fairy Day,activity,2023-08-22,tooth_fairy.png,National Tooth Fairy Day celebrates the mythical Tooth Fairy who rewards children for lost teeth. It's a whimsical day that adds a touch of magic to childhood memories.
59,National Beach Day,activity,2023-08-30,beach.png,"National Beach Day is a celebration of coastal beauty and the joys of the beach. Many people spend the day enjoying the sun, sand, and surf with family and friends."
60,College Colors Day,activity,2023-09-01,college_colors.png,College Colors Day encourages people to wear the colors of their favorite college or university. It's a day to show school spirit and pride.
61,American Chess Day,activity,2023-09-01,chess.png,"American Chess Day celebrates the strategic and intellectual game of chess. Chess enthusiasts often come together to play, compete, and share their love for the game."
62,National Read a Book Day,activity,2023-09-06,read_a_book.png,National Read a Book Day encourages individuals to indulge in the pleasure of reading. It's a day to explore new literary adventures and immerse oneself in the world of books.
63,International Sudoku Day,activity,2023-09-09,sudoku.png,International Sudoku Day celebrates the popular number puzzle game. Sudoku enthusiasts often challenge themselves and others to solve puzzles on this day.
64,National Make Your Bed Day,activity,2023-09-11,make_bed.png,National Make Your Bed Day promotes the habit of making the bed for a sense of accomplishment and tidiness. It's a simple but meaningful daily task.
65,National Coloring Day,activity,2023-09-14,colouring_book.png,National Coloring Day encourages people to embrace the art of coloring for relaxation and creativity. Coloring enthusiasts often use this day to express themselves through vibrant colors.
66,International Dot Day,activity,2023-09-15,dots.png,"International Dot Day celebrates creativity, inspired by the book ""The Dot"" by Peter H. Reynolds. People worldwide make their mark by creating and sharing dot-themed art."
67,International Talk Like a Pirate Day,activity,2023-09-19,pirate.png,International Talk Like a Pirate Day is a playful day to embrace pirate language and culture. People often have fun by using pirate phrases and dressing up as pirates.
68,National Cooking Day,activity,2023-09-25,cooking.png,National Cooking Day celebrates the joy of cooking and preparing meals. It's a day for culinary enthusiasts to explore new recipes and savor the art of cooking.
69,World Tourism Day,activity,2023-09-27,tourist.png,World Tourism Day promotes the value of tourism and its positive impact on cultural exchange and global understanding. Communities often celebrate by showcasing local attractions and hospitality.
70,World Smile Day,activity,2023-10-07,smile_day.png,"World Smile Day encourages acts of kindness to bring smiles to others. People often engage in charitable acts and share joy through smiles, promoting happiness and positivity."
71,National Checklist Day,activity,2023-10-30,checklist.png,National Checklist Day emphasizes the importance of organization and planning. Many individuals use this day to create and follow checklists to enhance productivity.
72,Halloween,activity,2023-10-31,halloween.png,"Halloween is a festive celebration marked by costumes, trick-or-treating, and spooky decorations. It's a time for fun and creativity as people embrace the spirit of the season."
73,National Crossword Puzzle Day,activity,2023-12-21,crossword.png,National Crossword Puzzle Day celebrates the popular word game. Puzzle enthusiasts often dedicate time to solving crosswords and enjoying the mental challenge.
74,Festivus,activity,2023-12-23,festivus.png,"Festivus is a humorous and non-traditional holiday celebrated with unique rituals, including the ""Airing of Grievances"" and the ""Feats of Strength."" It gained popularity through the TV show ""Seinfeld."""
75,National Thank You Note Day,activity,2023-12-26,thankyou_note.png,National Thank You Note Day encourages expressing gratitude through handwritten notes. It's a day to appreciate and acknowledge the kindness of others.
76,Community Manager Appreciation Day,career,2023-01-23,community_manager.png,Community Manager Appreciation Day recognizes the contributions of community managers in fostering online communities. It's a day to show appreciation for their efforts in building and maintaining positive digital spaces.
77,National Weatherperson's Day,career,2023-02-05,weatherman.png,National Weatherperson's Day honors meteorologists and weather forecasters. It's a day to recognize their vital role in providing weather information and keeping communities informed.
78,National Inventors' Day,career,2023-02-11,inventor.png,National Inventors' Day celebrates the contributions of inventors and their impact on innovation. Many events highlight inventions that have shaped history and technology.
79,National Dentist's Day,career,2023-03-06,dentist.png,National Dentist's Day recognizes the work of dentists and oral health professionals. It's a day to promote dental care and express gratitude for their contributions to overall well-being.
80,National Mom and Pop Business Owners Day,career,2023-03-29,mom_pop_business.png,"National Mom and Pop Business Owners Day celebrates small, independent businesses and their role in local communities. It's an opportunity to support and appreciate the diversity of small businesses."
81,National Doctors' Day,career,2023-03-30,doctors.png,National Doctors' Day honors physicians and their dedication to healthcare. Many communities express gratitude to doctors for their commitment to improving and saving lives.
82,National Hug a Newsperson Day,career,2023-04-04,hugging_day.png,"National Hug a Newsperson Day encourages showing appreciation to journalists and media professionals. While physical hugs may not always be practical, expressing gratitude for their work is the focus."
83,National Teacher's Day,career,2023-05-02,teachers.png,National Teacher's Day acknowledges and appreciates the contributions of teachers to education. Students and communities often express gratitude and recognition for the impact of teachers.
84,National Nurses Day,career,2023-05-06,nurse.png,National Nurses Day recognizes the vital role of nurses in healthcare. It's a day to appreciate and honor the dedication of nurses to the well-being of individuals and communities.
85,National Receptionists Day,career,2023-05-10,receptionist.png,National Receptionists Day celebrates the contributions of receptionists and front desk professionals. It's a day to recognize their role in creating positive first impressions and providing essential support.
86,National Be a Millionaire Day,career,2023-05-20,millionaire.png,National Be a Millionaire Day is a lighthearted day to dream big and imagine what life would be like as a millionaire. It's a day for fun and playful reflections on wealth and prosperity.
87,National Waiters and Waitresses Day,career,2023-05-21,waiter.png,National Waiters and Waitresses Day recognizes the hard work and contributions of hospitality professionals. It's a day to show appreciation for the service provided by waitstaff in restaurants.
88,National Maritime Day,career,2023-05-23,seafarer.png,National Maritime Day honors the maritime industry and its impact on global trade. It's a day to appreciate the contributions of those involved in shipping and maritime activities.
89,National Farmers Day,career,2023-10-12,farmer.png,National Farmers Day celebrates the hard work and dedication of farmers in providing food and resources. It's a day to recognize the vital role of agriculture in sustaining communities.
90,National Author's Day,career,2023-11-01,author.png,National Author's Day honors authors and their contributions to literature. It's a day to celebrate the written word and express appreciation for the creativity of authors.
91,National Entrepreneur's Day,career,2023-11-15,inventor.png,National Entrepreneur's Day recognizes the spirit and contributions of entrepreneurs to innovation and economic growth. It's a day to celebrate the achievements and resilience of those who pursue entrepreneurial ventures.
92,International Ninja Day,career,2023-12-05,ninja.png,"International Ninja Day is a fun and playful day to celebrate the mystique and legend of ninjas. It often involves dressing up, practicing ninja skills, and enjoying the lighthearted side of ninja culture."
93,National Freedom Day,cause,2023-02-01,freedom.png,"National Freedom Day commemorates the signing of the 13th Amendment, which abolished slavery. It's a day to reflect on the importance of freedom and advocate for the rights of all individuals."
94,International Polar Bear Day,cause,2023-02-27,polar_bear.png,International Polar Bear Day raises awareness about the conservation of polar bears and their Arctic habitat. It's a day to focus on the impact of climate change on these iconic animals.
95,National Day of Unplugging,cause,2023-03-03,unplug.png,"National Day of Unplugging encourages people to take a break from screens and technology. It's a day to connect with others, nature, and oneself without the distractions of electronic devices."
96,National Hug a G.I. Day,cause,2023-03-04,general_infantryman.png,"National Hug a G.I. Day encourages showing appreciation and support for members of the military. While physical hugs may not always be possible, expressing gratitude and sending messages of thanks are common ways to observe the day."
97,National Be Heard Day,cause,2023-03-07,listening.png,National Be Heard Day promotes empowering small businesses and entrepreneurs to have their voices heard. It's a day to advocate for the visibility and success of small enterprises.
98,International Women's Day,cause,2023-03-08,women.png,"International Women's Day celebrates the achievements and contributions of women worldwide. It's a day to promote gender equality, raise awareness of women's issues, and support women's rights."
99,Red Nose Day,cause,2023-03-24,red_nose.png,"Red Nose Day is a fundraising campaign that aims to end child poverty. People often participate by wearing red noses, organizing events, and donating to support children in need."
100,National Day of Silence,cause,2023-04-21,silence.png,National Day of Silence is a day of action to raise awareness about the silencing effects of bullying and discrimination against the LGBTQ+ community. Participants often take a vow of silence to honor those who face discrimination and harassment.
101,National No Dirty Dishes Day,cause,2023-05-18,clean_dishes.png,National No Dirty Dishes Day encourages taking a break from kitchen chores and enjoying a day without washing dishes. It's a lighthearted day to indulge in easy-to-make meals and minimize post-meal cleanup.
102,National Sunscreen Day,cause,2023-05-27,sunscreen.png,National Sunscreen Day promotes sun safety and the importance of protecting the skin from harmful UV rays. Individuals often raise awareness about skin health and share tips for proper sunscreen use.
103,World Oceans Day,cause,2023-06-08,oceans.png,World Oceans Day is dedicated to raising awareness about the importance of preserving the world's oceans and marine life. People worldwide participate in activities to promote ocean conservation and sustainability.
104,National Loving Day,cause,2023-06-12,loving.png,"National Loving Day celebrates the Supreme Court's decision in Loving v. Virginia, which struck down laws banning interracial marriage. It's a day to honor love, diversity, and the pursuit of equality."
105,World Elder Abuse Awareness Day,cause,2023-06-15,elder_abuse.png,World Elder Abuse Awareness Day aims to raise awareness about the mistreatment of elderly individuals and promote their rights. Communities often organize events to educate and advocate for the prevention of elder abuse.
106,World Refugee Day,cause,2023-06-20,refugee.png,World Refugee Day honors the strength and resilience of refugees worldwide. It's a day to raise awareness about the challenges faced by refugees and show support for their rights and well-being.
107,International Asteroid Day,cause,2023-06-30,asteroid.png,International Asteroid Day raises awareness about asteroids and the potential impact they may have on Earth. It's a day for educational events and discussions about asteroid research and planetary defense.
108,World Population Day,cause,2023-07-11,world_population.png,"World Population Day focuses on the importance of population issues, including family planning and sustainable development. The day often involves educational initiatives to promote awareness and action."
109,International Youth Day,cause,2023-08-12,youth.png,International Youth Day celebrates the contributions and potential of young people worldwide. It's a day to recognize youth-led initiatives and promote the empowerment of young individuals.
110,World Humanitarian Day,cause,2023-08-19,humanatarian.png,World Humanitarian Day honors humanitarian workers and their efforts to assist those in need. It's a day to raise awareness about humanitarian crises and advocate for the safety of aid workers.
111,National Senior Citizens Day,cause,2023-08-21,elder_abuse.png,National Senior Citizens Day honors the contributions and achievements of older adults. It's a day to recognize the wisdom and experience of senior citizens and promote their well-being.
112,International Day of Charity,cause,2023-09-05,charity.png,International Day of Charity encourages acts of kindness and charitable activities worldwide. It's a day to promote the spirit of giving and support philanthropic efforts.
113,International Literacy Day,cause,2023-09-08,literacy.png,International Literacy Day focuses on promoting literacy and education worldwide. It's a day to raise awareness about the importance of literacy and advocate for accessible education for all.
114,National Day of Service and Remembrance,cause,2023-09-11,service_day.png,National Day of Service and Remembrance honors the victims and heroes of the September 11 attacks. Many people participate in volunteer activities to commemorate the day and promote unity and service.
115,International Day of Peace,cause,2023-09-21,international_peace.png,"International Day of Peace promotes peace and unity globally. Events often include discussions, activities, and initiatives to raise awareness about the importance of peace."
116,International Day of Non-Violence,cause,2023-10-02,non_violence,International Day of Non-Violence commemorates Mahatma Gandhi's birthday and promotes non-violent approaches to conflict resolution. It's a day to reflect on the principles of peace and non-violence.
117,World Kindness Day,cause,2023-11-13,kindness_icon.png,"World Kindness Day encourages acts of kindness and compassion. It's a day to promote goodwill, empathy, and positive interactions to create a kinder and more harmonious world."
118,National Beer Can Appreciation Day,drinking,2023-01-24,beer.png,National Beer Can Appreciation Day celebrates the invention of the beer can. Beer enthusiasts often use this day to appreciate the convenience and innovation of canned beer.
119,National Hot Chocolate Day,drinking,2023-01-31,hot_chocolate.png,"National Hot Chocolate Day is a day to indulge in the cozy and comforting beverage. Many people celebrate by enjoying a warm cup of hot chocolate, often topped with whipped cream or marshmallows."
120,National Drink Wine Day,drinking,2023-02-18,drink_wine.png,National Drink Wine Day celebrates the enjoyment of wine. Wine enthusiasts often take this day to savor different varieties of wine and share their appreciation for this classic beverage.
121,National Margarita Day,drinking,2023-02-22,margarita.png,"National Margarita Day is dedicated to celebrating the popular cocktail, the margarita. Many people enjoy margaritas in various flavors and styles to mark the occasion."
122,National Absinthe Day,drinking,2023-03-05,moscato.png,National Absinthe Day celebrates the iconic green spirit known as absinthe. It's a day for enthusiasts to explore the history and flavors of absinthe through tastings and gatherings.
123,National Beer Day,drinking,2023-04-07,beer.png,National Beer Day commemorates the repeal of Prohibition in the United States. Beer lovers often celebrate by enjoying their favorite brews and exploring new beer varieties.
124,National Moscato Day,drinking,2023-05-09,moscato.png,National Moscato Day is a day to celebrate and enjoy the sweet and aromatic wine known as Moscato. Wine enthusiasts often indulge in this popular variety on this day.
125,National Mimosa Day,drinking,2023-05-16,mimosa.png,"National Mimosa Day celebrates the classic cocktail made with champagne and citrus juice. Many people enjoy mimosas, particularly during brunch, to mark the occasion."
126,National Wine Day,drinking,2023-05-25,drink_wine.png,National Wine Day is a day to celebrate the diverse world of wine. Wine enthusiasts often explore different varieties and share their love for wine with friends and family.
127,National Mint Julep Day,drinking,2023-05-30,mint_julip.png,"National Mint Julep Day honors the classic Southern cocktail made with mint, sugar, ice, and bourbon. It's a day for cocktail enthusiasts to enjoy the refreshing flavors of the mint julep."
128,National Moonshine Day,drinking,2023-06-05,mint_julip.png,"National Moonshine Day celebrates the tradition of making and enjoying moonshine, a distilled spirit. Enthusiasts often share stories, recipes, and tastings to mark the day."
129,National Iced Tea Day,drinking,2023-06-10,iced_tea.png,"National Iced Tea Day celebrates the refreshing beverage of iced tea. Many people enjoy iced tea in various flavors and styles, especially during the warmer months."
130,National Bourbon Day,drinking,2023-06-14,bourbon.png,National Bourbon Day is dedicated to celebrating the American whiskey known as bourbon. Bourbon enthusiasts often raise a glass to honor this distinctive and flavorful spirit.
131,National Martini Day,drinking,2023-06-19,martini.png,"National Martini Day celebrates the iconic cocktail, the martini. Martini lovers often enjoy this classic drink, which typically consists of gin and vermouth, often garnished with an olive or twist."
132,National Pina Colada Day,drinking,2023-07-10,pina_colada.png,"National Pina Colada Day honors the tropical cocktail made with rum, coconut cream, and pineapple juice. It's a day to enjoy the refreshing flavors of the Pina Colada."
133,National Daiquiri Day,drinking,2023-07-19,daquiri.png,"National Daiquiri Day celebrates the classic cocktail, the daiquiri. Many people enjoy daiquiris, which typically consist of rum, lime juice, and simple syrup, often blended with ice."
134,National Tequila Day,drinking,2023-07-24,tequila.png,"National Tequila Day is dedicated to celebrating the popular distilled spirit, tequila. Tequila enthusiasts often enjoy the spirit in various cocktails and tastings on this day."
135,National Scotch Day,drinking,2023-07-27,scotch.png,National Scotch Day honors the rich and complex spirit known as Scotch whisky. Scotch enthusiasts often savor the distinctive flavors of Scotch whisky on this day.
136,International Beer Day,drinking,2023-08-04,beer.png,"International Beer Day is a global celebration of beer and brewing culture. Beer lovers often participate in beer tastings, brewery visits, and social gatherings to mark the occasion."
137,National Rum Day,drinking,2023-08-16,rum.png,"National Rum Day celebrates the versatile and flavorful spirit known as rum. Rum enthusiasts often enjoy the spirit in cocktails, tastings, and festive gatherings on this day."
138,National Red Wine Day,drinking,2023-08-28,drink_wine.png,National Red Wine Day is a day to celebrate and savor the rich and robust flavors of red wine. Wine enthusiasts often indulge in their favorite red wine varieties on this day.
139,National Beer Lover's Day,drinking,2023-09-07,beer.png,National Beer Lover's Day is a day for beer enthusiasts to celebrate their love for beer. Many people enjoy their favorite brews and explore new beer varieties on this day.
140,National Drink Beer Day,drinking,2023-09-28,beer.png,National Drink Beer Day encourages people to enjoy and appreciate the world's most popular alcoholic beverage. Beer enthusiasts often celebrate by trying different beers and sharing their favorites.
141,National Coffee Day,drinking,2023-09-29,coffee.png,National Coffee Day is a day to celebrate and enjoy the beloved beverage of coffee. Coffee lovers often indulge in their favorite coffee drinks and explore new coffee varieties on this day.
142,International Coffee Day,drinking,2023-10-01,coffee.png,"International Coffee Day is a global celebration of coffee and its cultural significance. Coffee enthusiasts often participate in events, tastings, and activities to honor the beloved beverage."
143,National Vodka Day,drinking,2023-10-04,vodka.png,National Vodka Day is dedicated to celebrating the clear and versatile distilled spirit known as vodka. Vodka enthusiasts often enjoy the spirit in cocktails and tastings on this day.
144,National American Beer Day,drinking,2023-10-27,beer.png,National American Beer Day celebrates the diverse and vibrant beer culture in the United States. Beer enthusiasts often raise a glass to honor American breweries and beer traditions.
145,National Lager Day,drinking,2023-12-10,beer.png,National Lager Day is a day to celebrate the popular and refreshing beer style known as lager. Lager enthusiasts often enjoy the crisp and clean flavors of lager beers on this day.
146,Sangria Day,drinking,2023-12-20,beer.png,Sangria Day celebrates the festive and fruity wine punch known as sangria. It's a day to enjoy the vibrant flavors of sangria and share this popular beverage with friends and family.
147,Earth Day,environmental,2023-04-22,earth_day.png,"Earth Day is a global event dedicated to environmental protection and raising awareness about environmental issues. It's a day for activities, events, and initiatives to promote sustainability and care for the planet."
148,Arbor Day,environmental,2023-04-28,tree_circle_icon.png,Arbor Day is a day to celebrate trees and promote tree planting. Communities often organize tree-planting events and educational activities to highlight the importance of trees for the environment.
149,World Migratory Bird Day,environmental,2023-05-10,bird_migration.png,World Migratory Bird Day raises awareness about migratory birds and the need for their conservation. It's a day to appreciate the beauty of migratory birds and promote efforts to protect their habitats.
150,National Endangered Species Day,environmental,2023-05-19,endangered_species.png,National Endangered Species Day raises awareness about endangered species and the need for conservation efforts. It's a day to educate the public about the importance of protecting biodiversity and preserving the habitats of endangered plants and animals.
151,International Day for Biological Diversity,environmental,2023-05-22,biological_diversity.png,International Day for Biological Diversity promotes the importance of biodiversity for sustainable development. It's a day to raise awareness about the rich variety of life on Earth and encourage actions to conserve and protect biological diversity.
152,Learn About Composting Day,environmental,2023-05-29,compost.png,Learn About Composting Day encourages learning and adopting composting practices for waste reduction and environmental sustainability. It's a day to educate individuals about the benefits of composting for soil health and reducing organic waste.
153,World Environment Day,environmental,2023-06-05,environment.png,"World Environment Day is a global event to raise awareness and take action on environmental issues. It's a day for promoting sustainability, conservation, and efforts to address challenges such as climate change and pollution."
154,National American Eagle Day,environmental,2023-06-20,american_eagle.png,National American Eagle Day celebrates the recovery and conservation efforts that have led to the removal of the bald eagle from the endangered species list. It's a day to honor the symbol of American freedom and advocate for the continued protection of eagles and their habitats.
155,International Mountain Day,environmental,2023-12-11,mountain.png,International Mountain Day raises awareness about the importance of mountains and sustainable mountain development. It's a day to highlight the role of mountains in providing resources and promoting environmental conservation.
156,St. Patrick's Day,ethnic,2023-03-17,patrick.png,"St. Patrick's Day celebrates Irish culture and the patron saint of Ireland, St. Patrick. It's a day known for parades, wearing green, and festivities that honor Irish heritage."
157,St. George's Day,ethnic,2023-04-23,george.png,"St. George's Day is the feast day of St. George, the patron saint of England. It's a day to celebrate English culture and traditions, often marked with events, parades, and the display of the St. George's Cross."
158,Cinco de Mayo,ethnic,2023-05-05,cinco_de_mayo.png,"Cinco de Mayo commemorates the Mexican victory over the French at the Battle of Puebla. It's a day to celebrate Mexican culture, often with music, dancing, and traditional foods."
159,Russian Language Day,ethnic,2023-06-06,russian_language.png,Russian Language Day celebrates the Russian language and its cultural significance. It's a day to promote linguistic diversity and appreciate the contributions of the Russian language to world literature and communication.
160,Day of the Dead,ethnic,2023-11-02,dead.png,"Day of the Dead, or Dia de los Muertos, is a Mexican holiday that honors deceased loved ones. It involves gatherings, altars, and offerings to celebrate and remember those who have passed away."
161,National Spouses Day,family,2023-01-26,spouse.png,National Spouses Day is a day to celebrate and appreciate spouses. It's an occasion to express love and gratitude for the support and companionship of a spouse in a relationship.
162,National Siblings Day,family,2023-04-10,siblings.png,National Siblings Day honors the bonds and relationships among siblings. It's a day to celebrate and appreciate the special connection between brothers and sisters.
163,Husband Appreciation Day,family,2023-04-15,rings.png,"Husband Appreciation Day is dedicated to expressing love and appreciation for husbands. It's a day to celebrate the partnership, support, and love shared in marriage."
164,National Brothers and Sisters Day,family,2023-05-02,siblings.png,National Brothers and Sisters Day celebrates the special relationships between siblings. It's a day to honor and appreciate the unique bond shared with brothers and sisters.
165,Mother's Day,family,2023-05-14,mom.png,Mother's Day is a day to honor and celebrate mothers and motherhood. It often involves expressing love and gratitude to mothers for their care and sacrifices.
166,Brother's Day,family,2023-05-24,siblings.png,Brother's Day is a day to celebrate and appreciate the bond between brothers. It's a time to express love and gratitude for the unique relationship shared with brothers.
167,Global Day of Parents,family,2023-06-01,parents.png,"Global Day of Parents recognizes the role of parents in the upbringing of children. It's a day to appreciate and honor the efforts of parents in providing love, guidance, and support to their children."
168,Father's Day,family,2023-06-18,fathers_day.png,Father's Day is a day to honor and celebrate fathers and fatherhood. It often involves expressing love and gratitude to fathers for their role in the family.
169,Gorgeous Grandma Day,family,2023-07-23,grandmother.png,"Gorgeous Grandma Day is a day to celebrate and appreciate grandmothers. It's a time to recognize the wisdom, love, and contributions of grandmothers in families."
170,National Cousin's Day,family,2023-07-24,cousins.png,National Cousin's Day celebrates the relationships and bonds between cousins. It's a day to appreciate the unique connections and shared experiences among cousins.
171,National Aunt and Uncle Day,family,2023-07-26,aunt_uncle.png,"National Aunt and Uncle Day is a day to honor and appreciate aunts and uncles. It's a time to express gratitude for their love, guidance, and positive influence in the family."
172,National Sisters Day,family,2023-08-06,sisters.png,National Sisters Day is a day to celebrate the special bond and relationships between sisters. It's a time to express love and appreciation for the unique connection shared with sisters.
173,National Son and Daughter Day,family,2023-08-11,son_daughter.png,National Son and Daughter Day is a day to celebrate and appreciate the joys of parenthood. It's an occasion to express love and gratitude to sons and daughters for the happiness they bring to families.
174,National Grandparents Day,family,2023-09-10,elder_abuse.png,"National Grandparents Day is a day to honor and celebrate grandparents. It's a time to express love and appreciation for the wisdom, love, and positive influence of grandparents."
175,National Family Day,family,2023-09-26,family.png,"National Family Day encourages spending quality time with family members. It's a day to strengthen family bonds, create lasting memories, and celebrate the importance of family."
176,National Hat Day,fashion,2023-01-15,hat.png,National Hat Day is a day to celebrate hats and headwear as fashion accessories. It's an occasion to express personal style and creativity through the choice of hats.
177,National Umbrella Day,fashion,2023-02-10,umbrella.png,"National Umbrella Day celebrates the practical and stylish accessory, the umbrella. It's a day to appreciate the utility and versatility of umbrellas in protecting against the elements."
178,National Dress Day,fashion,2023-03-06,dress.png,National Dress Day is a day to celebrate dresses as a versatile and fashionable garment. It's an occasion to showcase personal style and creativity through the choice of dresses.
179,National Sunglasses Day,fashion,2023-06-27,sunglasses.png,National Sunglasses Day is a day to celebrate sunglasses as both a fashion accessory and a tool for eye protection. It's an occasion to showcase different styles of sunglasses and promote eye health.
180,National Lipstick Day,fashion,2023-07-29,lipstick.png,"National Lipstick Day celebrates the cosmetic product, lipstick. It's a day to appreciate the artistry and self-expression that lipstick brings to personal style and beauty."
181,National Underwear Day,fashion,2023-08-05,underwear.png,National Underwear Day is a day to celebrate underwear as a fashion item and undergarment. It's an occasion to explore different styles of underwear and promote body positivity.
182,National Spaghetti Day,food,2023-01-04,spaghetti.png,"National Spaghetti Day celebrates the popular Italian pasta dish, spaghetti. It's a day for pasta lovers to enjoy this classic dish in various sauces and styles."
183,National Popcorn Day,food,2023-01-19,popcorn.png,"National Popcorn Day celebrates the beloved snack, popcorn. It's a day to enjoy popcorn in different flavors and styles, whether savory or sweet."
184,National Cheese Lover's Day,food,2023-01-20,cheese.png,National Cheese Lover's Day is a day to celebrate and indulge in the love of cheese. It's an occasion to enjoy different types of cheese and explore new flavor combinations.
185,National Blonde Brownie Day,food,2023-01-22,blonde_brownie.png,"National Blonde Brownie Day celebrates the sweet and chewy dessert, blonde brownies. It's a day for dessert enthusiasts to enjoy these treats and share them with friends and family."
186,National Pie Day,food,2023-01-23,pie.png,"National Pie Day celebrates the delicious and versatile dessert, pie. It's a day for pie lovers to indulge in their favorite flavors, whether sweet or savory."
187,National Peanut Butter Day,food,2023-01-24,peanut_butter.png,"National Peanut Butter Day is a day to celebrate the popular spread, peanut butter. It's an occasion to enjoy peanut butter in various dishes and snacks."
188,National Chocolate Cake Day,food,2023-01-27,chocolate_cake.png,"National Chocolate Cake Day celebrates the rich and indulgent dessert, chocolate cake. It's a day for chocolate lovers to enjoy this classic treat in its various forms."
189,National Croissant Day,food,2023-01-30,croissant.png,"National Croissant Day celebrates the flaky and buttery pastry, the croissant. It's a day for pastry enthusiasts to savor the delicious layers and flavors of croissants."
190,National Eat Ice Cream for Breakfast Day,food,2023-02-04,icecream.png,National Eat Ice Cream for Breakfast Day is a day to enjoythe sweet and creamy delight of ice cream as their first meal of the day. This playful tradition encourages breaking away from routine breakfast choices and embracing the joy of savoring ice cream in the morning.
191,National Frozen Yogurt Day,food,2023-02-06,yoghurt.png,"National Frozen Yogurt Day celebrates the popular frozen dessert, frozen yogurt. It's a day for yogurt lovers to enjoy frozen yogurt with a variety of toppings and flavors."
192,National Pizza Day,food,2023-02-09,pizza.png,"National Pizza Day celebrates the beloved and versatile dish, pizza. It's a day for pizza enthusiasts to enjoy their favorite pizza styles and toppings."
193,National Plum Pudding Day,food,2023-02-12,pudding.png,"National Plum Pudding Day celebrates the traditional British dessert, plum pudding. It's a day for dessert lovers to enjoy the rich and spiced flavors of plum pudding."
194,National Tortellini Day,food,2023-02-13,tortellini.png,"National Tortellini Day celebrates the Italian pasta, tortellini. It's a day for pasta enthusiasts to enjoy tortellini in various sauces and dishes."
195,National Almond Day,food,2023-02-16,almond.png,"National Almond Day celebrates the versatile and nutritious nut, almonds. It's an occasion to enjoy almonds as snacks, in desserts, or as part of various dishes."
196,National Muffin Day,food,2023-02-20,muffin.png,"National Muffin Day celebrates the popular and versatile baked goods, muffins. It's a day for muffin enthusiasts to enjoy different flavors and varieties of muffins."
197,National Sticky Bun Day,food,2023-02-21,sticky_bun.png,"National Sticky Bun Day celebrates the sweet and sticky pastry, sticky buns. It's a day for pastry lovers to indulge in the delicious combination of cinnamon, sugar, and caramel in sticky buns."
198,National Chili Day,food,2023-02-23,chili.png,"National Chili Day celebrates the hearty and flavorful dish, chili. It's a day for chili enthusiasts to enjoy this comfort food in its various forms, from classic recipes to creative variations."
199,National Tortilla Chip Day,food,2023-02-24,tortilla.png,"National Tortilla Chip Day celebrates the crunchy and versatile snack, tortilla chips. It's a day for chip lovers to enjoy tortilla chips with dips, salsa, and guacamole."
200,National Clam Chowder Day,food,2023-02-25,clam.png,"National Clam Chowder Day celebrates the popular and savory soup, clam chowder. It's a day for seafood lovers to indulge in this creamy and flavorful dish, often enjoyed in various regional styles."
201,National Pistachio Day,food,2023-02-26,pistachio.png,"National Pistachio Day celebrates the delicious and nutritious nut, pistachio. It's an occasion for pistachio enthusiasts to enjoy these crunchy and green nuts as snacks or as ingredients in a variety of dishes."
202,National Chocolate Souffle Day,food,2023-02-28,chocolate_souffle.png,"National Chocolate Souffle Day celebrates the decadent and airy dessert, chocolate souffle. It's a day for chocolate lovers to savor the rich and velvety texture of this classic French dessert."
203,National Peanut Butter Lover's Day,food,2023-03-01,peanut_butter.png,"National Peanut Butter Lover's Day is dedicated to celebrating the love for peanut butter. It's a day for peanut butter enthusiasts to enjoy this versatile spread in various ways, whether in sandwiches, desserts, or snacks."
204,National Frozen Food Day,food,2023-03-06,frozen.png,National Frozen Food Day recognizes the convenience and variety of frozen foods. It's a day to appreciate the innovation in frozen food technology and enjoy the convenience of frozen meals.
205,National Pancake Day,food,2023-03-07,pancake.png,"National Pancake Day is a day to celebrate the beloved breakfast dish, pancakes. It's an occasion for pancake lovers to enjoy stacks of fluffy pancakes with a variety of toppings."
206,National Meatball Day,food,2023-03-09,meatball.png,"National Meatball Day celebrates the versatile and flavorful dish, meatballs. It's a day for meatball enthusiasts to enjoy these savory bites in different cuisines and styles."
207,National Pack Your Lunch Day,food,2023-03-10,lunch.png,National Pack Your Lunch Day encourages individuals to pack and enjoy a homemade lunch. It's a day to promote healthy eating habits and the creativity of homemade lunches.
208,National Potato Chip Day,food,2023-03-14,potatoe_chip.png,"National Potato Chip Day celebrates the popular and crispy snack, potato chips. It's a day for chip enthusiasts to indulge in their favorite potato chip flavors and varieties."
209,National Artichoke Day,food,2023-03-16,artichoke.png,"National Artichoke Day celebrates the unique and delicious vegetable, artichoke. It's a day for artichoke enthusiasts to enjoy this versatile and flavorful ingredient in various dishes."
210,National Corn Dog Day,food,2023-03-19,corndog.png,"National Corn Dog Day celebrates the classic fair and carnival food, the corn dog. It's a day for corn dog enthusiasts to enjoy this delicious combination of a hot dog encased in a cornmeal batter."
211,National Crunchy Taco Day,food,2023-03-21,taco.png,"National Crunchy Taco Day celebrates the popular Mexican dish, the crunchy taco. It's a day for taco lovers to enjoy the crispy texture and delicious fillings of crunchy tacos."
212,International Waffle Day,food,2023-03-25,waffle.png,"International Waffle Day celebrates the delightful and versatile breakfast item, waffles. It's a day for waffle enthusiasts to enjoy these golden and fluffy treats with a variety of toppings."
213,National Spinach Day,food,2023-03-26,spinach.png,"National Spinach Day celebrates the nutritious leafy green vegetable, spinach. It's a day for spinach enthusiasts to incorporate this healthy and versatile ingredient into meals and dishes."
214,National Spanish Paella Day,food,2023-03-27,paella.png,"National Spanish Paella Day celebrates the iconic Spanish dish, paella. It's a day for paella enthusiasts to enjoy the flavorful combination of rice, saffron, and a variety of ingredients in this traditional Spanish dish."
215,National Peanut Butter and Jelly Day,food,2023-04-02,peanut_jelly.png,National Peanut Butter and Jelly Day honors the classic combination of peanut butter and jelly in a sandwich. It's a day for PB&J enthusiasts to enjoy this timeless and delicious pairing.
216,National Deep Dish Pizza Day,food,2023-04-05,pizza.png,"National Deep Dish Pizza Day celebrates the thick and hearty style of pizza known as deep-dish. It's a day for pizza lovers to indulge in the layers of cheese, sauce, and toppings in this iconic pizza style."
217,National Burrito Day,food,2023-04-06,burrito.png,"National Burrito Day celebrates the popular Mexican dish, the burrito. It's a day for burrito enthusiasts to enjoy the delicious combination of fillings wrapped in a tortilla."
218,National Empanada Day,food,2023-04-08,empanada.png,"National Empanada Day celebrates the flavorful and savory pastry, the empanada. It's a day for empanada enthusiasts to savor the delicious fillings encased in a flaky pastry shell."
219,National Grilled Cheese Sandwich Day,food,2023-04-12,grilled_cheese.png,"National Grilled Cheese Sandwich Day celebrates the classic and comforting sandwich, the grilled cheese. It's a day for grilled cheese enthusiasts to enjoy the gooey and melty goodness of this timeless comfort food."
220,National Cheeseball Day,food,2023-04-17,cheeseball.png,"National Cheeseball Day celebrates the fun and flavorful appetizer, the cheeseball. It's a day for cheeseball enthusiasts to enjoy this versatile dish with a variety of coatings and ingredients."
221,National Garlic Day,food,2023-04-19,garlic.png,"National Garlic Day honors the pungent and aromatic bulb, garlic. It's a day for garlic enthusiasts to celebrate the rich flavors of garlic in various dishes and cuisines."
222,National Jelly Bean Day,food,2023-04-22,jellybean.png,"National Jelly Bean Day celebrates the colorful and sweet confection, jelly beans. It's a day for jelly bean enthusiasts to indulge in the variety of flavors and colors of these sugary treats."
223,National Pigs in a Blanket Day,food,2023-04-24,pigs_in_a_blanket.png,"National Pigs in a Blanket Day celebrates the bite-sized and savory appetizer, pigs in a blanket. It's a day for enthusiasts to enjoy these delicious bites, often featuring sausages or hot dogs wrapped in dough."
224,National Pretzel Day,food,2023-04-26,pretzel.png,"National Pretzel Day celebrates the popular and versatile snack, pretzels. It's a day for pretzel enthusiasts to enjoy soft or crunchy pretzels with a variety of dips."
225,National Prime Rib Day,food,2023-04-27,rib.png,"National Prime Rib Day celebrates the succulent and flavorful cut of beef, prime rib. It's a day for meat enthusiasts to indulge in the juicy and tender goodness of prime rib."
226,National Shrimp Scampi Day,food,2023-04-29,shrimp.png,"National Shrimp Scampi Day celebrates the delicious and garlicky dish, shrimp scampi. It's a day for seafood enthusiasts to enjoy the savory flavors of shrimp cooked with garlic, butter, and herbs."
227,National Raisin Day,food,2023-04-30,raisin.png,"National Raisin Day celebrates the dried grape, raisin. It's a day for raisin enthusiasts to enjoy these sweet and versatile dried fruits in snacks, baking, and cooking."
228,National Hoagie Day,food,2023-05-05,hoagi.png,"National Hoagie Day celebrates the classic and hearty sandwich, the hoagie. It's a day for hoagie enthusiasts to enjoy a variety of fillings, condiments, and flavors in this beloved sandwich."
229,National Shrimp Day,food,2023-05-10,shrimp.png,"National Shrimp Day celebrates the flavorful and versatile seafood, shrimp. It's a day for shrimp enthusiasts to enjoy this popular seafood in various dishes, from grilled to fried to boiled."
230,National Eat What You Want Day,food,2023-05-11,eat.png,National Eat What You Want Day encourages individuals to indulge in their favorite foods without guilt or restrictions. It's a day to celebrate personal food preferences and savor the joy of eating.
231,National Apple Pie Day,food,2023-05-13,pie.png,"National Apple Pie Day celebrates the classic and comforting dessert, apple pie. It's a day for pie enthusiasts to enjoy the sweet and spiced flavors of apple pie, often served with a scoop of ice cream."
232,National Fruit Cocktail Day,food,2023-05-13,pina_colada.png,National Fruit Cocktail Day celebrates the sweet and fruity medley of mixed fruits in fruit cocktail. It's a day for fruit enthusiasts to enjoy this refreshing and versatile combination.
233,National Buttermilk Biscuit Day,food,2023-05-14,buttermilk_buiscut.png,"National Buttermilk Biscuit Day celebrates the tender and flaky baked good, the buttermilk biscuit. It's a day for biscuit enthusiasts to enjoy these versatile treats with butter, jam, or as part of savory dishes."
234,National Chocolate Chip Day,food,2023-05-15,choc_chic.png,"National Chocolate Chip Day celebrates the iconic and versatile baking ingredient, chocolate chips. It's a day for chocolate lovers to enjoy the sweet and melty goodness of chocolate chips in cookies, cakes, and more."
235,National Walnut Day,food,2023-05-17,walnut,"National Walnut Day celebrates the nutritious and crunchy nut, walnuts. It's an occasion for walnut enthusiasts to enjoy these heart-healthy nuts as snacks or as ingredients in both sweet and savory dishes."
236,National Pizza Party Day,food,2023-05-19,pizza.png,National Pizza Party Day encourages people to gather and enjoy pizza together. It's a day for pizza lovers to share their favorite pizza styles and toppings in a fun and social setting.
237,National Devil's Food Cake Day,food,2023-05-19,devils_foodcake,National Devil's Food Cake Day celebrates the rich and indulgent chocolate cake known as devil's food cake. It's a day for chocolate cake enthusiasts to savor the moist and decadent flavors of this classic dessert.
238,National Taffy Day,food,2023-05-23,taffy.png,"National Taffy Day celebrates the chewy and sweet confection, taffy. It's a day for taffy enthusiasts to enjoy the variety of flavors and textures in this nostalgic treat."
239,National Brisket Day,food,2023-05-28,brisket.png,"National Brisket Day celebrates the flavorful and slow-cooked cut of meat, brisket. It's a day for barbecue enthusiasts to indulge in the smoky and tender goodness of brisket."
240,National Hamburger Day,food,2023-05-28,hamburger.png,"National Hamburger Day celebrates the iconic and beloved American dish, the hamburger. It's a day for burger enthusiasts to enjoy their favorite burgers, whether classic or gourmet."
241,National Macaroon Day,food,2023-05-31,macaroons.png,"National Macaroon Day celebrates the sweet and coconutty cookie, the macaroon. It's a day for cookie enthusiasts to enjoy the chewy and delightful flavors of macaroons."
242,National Olive Day,food,2023-06-01,olive.png,"National Olive Day celebrates the versatile and flavorful fruit, olives. It's a day for olive enthusiasts to enjoy these savory fruits as snacks, in salads, or as part of various Mediterranean dishes."
243,National Donut Day,food,2023-06-02,donut.png,"National Donut Day celebrates the sweet and fried dough confection, the donut. It's a day for donut enthusiasts to indulge in their favorite glazed, frosted, or filled varieties."
244,National Egg Day,food,2023-06-03,egg.png,"National Egg Day celebrates the versatile and nutritious food, eggs. It's a day for egg enthusiasts to enjoy eggs in various preparations, from scrambled to fried to poached."
245,National Cheese Day,food,2023-06-04,cheese.png,"National Cheese Day celebrates the diverse and delicious world of cheese. It's a day for cheese enthusiasts to enjoy their favorite cheeses, whether soft, hard, or aged."
246,National Chocolate Ice Cream Day,food,2023-06-07,chocolate_icecream.png,"National Chocolate Ice Cream Day celebrates the classic and indulgent frozen treat, chocolate ice cream. It's a day for ice cream enthusiasts to savor the rich and creamy goodness of chocolate-flavored ice cream."
247,National Corn on the Cob Day,food,2023-06-11,corn.png,"National Corn on the Cob Day celebrates the sweet and buttery goodness of fresh corn on the cob. It's a day for corn enthusiasts to enjoy this summer staple in various ways, from grilling to boiling."
248,National Fudge Day,food,2023-06-16,fudge.png,"National Fudge Day celebrates the rich and sweet confection, fudge. It's a day for fudge enthusiasts to indulge in the smooth and decadent flavors of this classic treat."
249,National Eat Your Vegetables Day,food,2023-06-17,fudge.png,National Eat Your Vegetables Day encourages individuals to include more vegetables in their meals. It's a day to celebrate the health benefits and delicious flavors of a variety of vegetables.
250,International Sushi Day,food,2023-06-18,sushi.png,"International Sushi Day celebrates the art and flavors of sushi. It's a day for sushi enthusiasts to indulge in a variety of sushi rolls, sashimi, and nigiri, celebrating the diverse world of Japanese cuisine."
251,National Onion Ring Day,food,2023-06-22,onion_rings.png,"National Onion Ring Day honors the crispy and savory snack, onion rings. It's a day for onion ring enthusiasts to enjoy these deep-fried delights, often served with a side of dipping sauce."
252,National Chocolate Pudding Day,food,2023-06-26,chocolate_pudding.png,"National Chocolate Pudding Day celebrates the rich and creamy dessert, chocolate pudding. It's a day for chocolate lovers to savor the smooth and velvety texture of this classic treat."
253,National Tapioca Day,food,2023-06-28,chocolate_pudding.png,"National Tapioca Day recognizes the unique and chewy tapioca pearls. It's a day for tapioca enthusiasts to enjoy this versatile ingredient in puddings, bubble tea, and other delightful treats."
254,National Fried Chicken Day,food,2023-07-06,fried_chicken.png,"National Fried Chicken Day celebrates the crispy and flavorful dish, fried chicken. It's a day for fried chicken enthusiasts to indulge in this classic comfort food, often served with sides like mashed potatoes and coleslaw."
255,National Strawberry Sundae Day,food,2023-07-07,sundae.png,"National Strawberry Sundae Day honors the delightful combination of strawberries, ice cream, and toppings. It's a day for sundae enthusiasts to enjoy the sweet and fruity flavors of strawberry sundaes."
256,National Sugar Cookie Day,food,2023-07-09,sugar_cookie.png,"National Sugar Cookie Day celebrates the simple and delicious sugar cookie. It's a day for cookie enthusiasts to enjoy these sweet treats, often decorated with colorful icing and sprinkles."
257,National Chicken Wing Day,food,2023-07-29,chicken_wings.png,"National Chicken Wing Day celebrates the popular and spicy appetizer, chicken wings. It's a day for wing enthusiasts to enjoy these flavorful bites, whether coated in buffalo sauce, barbecue sauce, or other tasty varieties."
258,National French Fry Day,food,2023-07-13,french_fries.png,"National French Fry Day celebrates the iconic and beloved side dish, french fries. It's a day for fry enthusiasts to indulge in crispy and golden fries, often paired with ketchup, mayo, or other favorite condiments."
259,National Mac and Cheese Day,food,2023-07-14,mac_and_cheese.png,"National Mac and Cheese Day celebrates the cheesy and comforting dish, macaroni and cheese. It's a day for mac and cheese enthusiasts to enjoy the creamy and savory goodness of this classic comfort food."
260,National Corn Fritter Day,food,2023-07-16,corn_fritter.png,"National Corn Fritter Day honors the crispy and flavorful snack, corn fritters. It's a day for fritter enthusiasts to enjoy these fried delights, often made with corn kernels and a savory batter."
261,National Ice Cream Day,food,2023-07-16,icecream.png,"National Ice Cream Day celebrates the beloved frozen treat, ice cream. It's a day for ice cream enthusiasts to indulge in their favorite flavors and varieties, whether in cones, cups, or sundaes."
262,National Hot Dog Day,food,2023-07-19,hotdog.png,"National Hot Dog Day celebrates the classic and versatile American food, hot dogs. It's a day for hot dog enthusiasts to enjoy this iconic street food with a variety of toppings and condiments."
263,National Junk Food Day,food,2023-07-21,hotdog.png,"National Junk Food Day encourages indulgence in favorite guilty pleasures. It's a day for junk food enthusiasts to enjoy snacks like chips, candies, and other delicious but less healthy treats."
264,Hot Fudge Sundae Day,food,2023-07-25,sundae.png,"Hot Fudge Sundae Day celebrates the delightful combination of hot fudge, ice cream, and toppings. It's a day for sundae enthusiasts to enjoy the decadent and sweet flavors of hot fudge sundaes."
265,National Milk Chocolate Day,food,2023-07-28,chocolate.png,"National Milk Chocolate Day celebrates the classic and creamy chocolate flavor. It's a day for chocolate enthusiasts to indulge in milk chocolate treats, whether in bars, truffles, or other confections."
266,National Lasagna Day,food,2023-07-29,lasagne.png,"National Lasagna Day honors the delicious and layered Italian dish, lasagna. It's a day for lasagna enthusiasts to enjoy the savory layers of pasta, cheese, and meat or vegetables."
267,National Cheesecake Day,food,2023-07-30,cheese_cake.png,"National Cheesecake Day celebrates the rich and creamy dessert, cheesecake. It's a day for cheesecake enthusiasts to indulge in the velvety textures and delicious flavors of this classic treat."
268,National Ice Cream Sandwich Day,food,2023-08-02,icecream_sandwich.png,National Ice Cream Sandwich Day celebrates the delightful combination of ice cream between two cookies or wafers. It's a day for ice cream sandwich enthusiasts to enjoy this portable and delicious frozen treat.
269,National Watermelon Day,food,2023-08-03,watermelon.png,"National Watermelon Day honors the refreshing and juicy fruit, watermelon. It's a day for watermelon enthusiasts to enjoy this hydrating and sweet summer treat in various forms."
270,National Chocolate Chip Cookie Day,food,2023-08-04,choc_chip_cookie.png,"National Chocolate Chip Cookie Day celebrates the classic and beloved cookie, chocolate chip cookies. It's a day for cookie enthusiasts to enjoy these sweet treats, often with a glass of milk."
271,National Mustard Day,food,2023-08-05,mustard.png,"National Mustard Day celebrates the tangy and versatile condiment, mustard. It's a day for mustard enthusiasts to enjoy the various flavors and types of mustard on sandwiches, hot dogs, and more."
272,National Fajita Day,food,2023-08-18,fajita.png,"National Fajita Day celebrates the sizzling and flavorful Mexican dish, fajitas. It's a day for fajita enthusiasts to enjoy the combination of grilled meat, vegetables, and tortillas in this delicious and customizable meal."
273,National Potato Day,food,2023-08-19,potato.png,"National Potato Day honors the versatile and starchy vegetable, potatoes. It's a day for potato enthusiasts to enjoy this ingredient in various forms, from mashed to fried to baked."
274,National Lemonade Day,food,2023-08-20,lemonade.png,"National Lemonade Day celebrates the refreshing and citrusy beverage, lemonade. It's a day for lemonade enthusiasts to enjoy this classic summer drink in various flavors and preparations."
275,National Sponge Cake Day,food,2023-08-23,cake.png,"National Sponge Cake Day celebrates the light and airy cake, sponge cake. It's a day for sponge cake enthusiasts to enjoy this delicate dessert, often topped with fresh fruit or whipped cream."
276,National Waffle Day,food,2023-08-24,waffle.png,"National Waffle Day celebrates the delicious and textured breakfast item, waffles. It's a day for waffle enthusiasts to enjoy these golden and fluffy treats with a variety of toppings."
277,National Banana Split Day,food,2023-08-25,banana_split.png,"National Banana Split Day honors the classic and indulgent dessert, the banana split. It's a day for banana split enthusiasts to enjoy the combination of bananas, ice cream, sauces, and toppings."
278,National Lemon Juice Day,food,2023-08-29,lemonade.png,"National Lemon Juice Day celebrates the tangy and citrusy flavor of lemon juice. It's a day for lemon juice enthusiasts to enjoy this versatile ingredient in beverages, recipes, and cocktails."
279,National Trail Mix Day,food,2023-08-31,banana_split.png,"National Trail Mix Day celebrates the mix of nuts, dried fruits, and other goodies. It's a day for trail mix enthusiasts to enjoy this portable and energy-boosting snack on hikes, picnics, and outdoor adventures."
280,World Coconut Day,food,2023-09-02,coconut.png,"World Coconut Day celebrates the versatile and tropical fruit, the coconut. It's a day for coconut enthusiasts to enjoy coconut-based dishes, beverages, and snacks."
281,National Cheese Pizza Day,food,2023-09-05,pizza.png,"National Cheese Pizza Day celebrates the simple and classic combination of dough, tomato sauce, and melted cheese. It's a day for pizza enthusiasts to enjoy the timeless appeal of cheese pizza."
282,National Peanut Day,food,2023-09-13,peanut.png,"National Peanut Day celebrates the nutritious and tasty legume, peanuts. It's a day for peanut enthusiasts to enjoy peanuts in various forms, from peanut butter to roasted peanuts."
283,National Linguine Day,food,2023-09-15,linguine.png,"National Linguine Day honors the flat and thin pasta variety, linguine. It's a day for pasta enthusiasts to enjoy linguine in a variety of sauces and dishes."
284,National Guacamole Day,food,2023-09-16,avocado.png,"National Guacamole Day celebrates the delicious and creamy avocado dip, guacamole. It's a day for guacamole enthusiasts to enjoy this flavorful and versatile condiment with tortilla chips or as a topping."
285,National Cheeseburger Day,food,2023-09-18,cheese_burger.png,"National Cheeseburger Day celebrates the iconic and beloved American dish, the cheeseburger. It's a day for burger enthusiasts to enjoy their favorite cheeseburger variations with various toppings and condiments."
286,National Pepperoni Pizza Day,food,2023-09-20,pizza.png,National Pepperoni Pizza Day celebrates the flavorful combination of pizza topped with pepperoni. It's a day for pizza enthusiasts to enjoy the spicy and savory taste of pepperoni pizza.
287,National Ice Cream Cone Day,food,2023-09-22,chocolate_icecream.png,National Ice Cream Cone Day celebrates the classic and handheld way to enjoy ice cream. It's a day for ice cream cone enthusiasts to savor their favorite flavors in a cone.
288,National Cherries Jubilee Day,food,2023-09-24,cherries.png,"National Cherries Jubilee Day honors the delectable dessert made with cherries and a sweet sauce, often flambéed. It's a day for dessert enthusiasts to enjoy this classic and flamboyant treat."
289,National Lobster Day,food,2023-09-25,lobster.png,"National Lobster Day celebrates the succulent and luxurious seafood, lobster. It's a day for lobster enthusiasts to indulge in dishes featuring this flavorful crustacean."
290,World Vegetarian Day,food,2023-10-01,eat_veggies.png,World Vegetarian Day promotes the benefits of a vegetarian lifestyle. It's a day for vegetarians and veggie enthusiasts to celebrate plant-based meals and explore the diverse world of vegetarian cuisine.
291,National Homemade Cookies Day,food,2023-10-01,choc_chip_cookie.png,National Homemade Cookies Day celebrates the joy of baking and enjoying homemade cookies. It's a day for cookie enthusiasts to savor the warm and delicious flavors of freshly baked cookies.
292,National Taco Day,food,2023-10-04,taco.png,"National Taco Day celebrates the delicious and versatile Mexican dish, tacos. It's a day for taco enthusiasts to enjoy a variety of taco fillings and toppings, from carne asada to fish to vegetarian options."
293,National Noodle Day,food,2023-10-06,linguine.png,"National Noodle Day honors the versatile and beloved staple, noodles. It's a day for noodle enthusiasts to enjoy noodles in various forms, from pasta to ramen to rice noodles."
294,National Sausage Pizza Day,food,2023-10-11,pizza.png,National Sausage Pizza Day celebrates the savory combination of pizza topped with sausage. It's a day for pizza enthusiasts to enjoy the hearty and flavorful taste of sausage pizza.
295,National Dessert Day,food,2023-10-14,icecream.png,"National Dessert Day celebrates the sweet and indulgent world of desserts. It's a day for dessert enthusiasts to treat themselves to their favorite sweet treats, whether cakes, pies, or ice cream."
296,National Pasta Day,food,2023-10-17,pasta.png,"National Pasta Day honors the versatile and comforting dish, pasta. It's a day for pasta enthusiasts to enjoy their favorite pasta shapes and sauces, celebrating the diversity of this beloved food."
297,National Nut Day,food,2023-10-22,almond.png,"National Nut Day celebrates the nutritious and crunchy snack, nuts. It's a day for nut enthusiasts to enjoy a variety of nuts, from almonds to walnuts to pistachios."
298,National Bologna Day,food,2023-10-24,bologna.png,"National Bologna Day celebrates the classic and versatile deli meat, bologna. It's a day for bologna enthusiasts to enjoy this sliced meat in sandwiches or as part of various recipes."
299,World Pasta Day,food,2023-10-25,pasta.png,"World Pasta Day celebrates the global love for pasta. It's a day for pasta enthusiasts to enjoy their favorite pasta dishes, whether Italian, Asian, or other international varieties."
300,National Pumpkin Day,food,2023-10-26,pumpkin.png,"National Pumpkin Day celebrates the versatile and autumnal squash, pumpkin. It's a day for pumpkin enthusiasts to enjoy pumpkin-flavored dishes, from pies to soups to lattes."
301,National Chocolate Day,food,2023-10-28,chocolate.png,National Chocolate Day celebrates the indulgence of chocolate in all its forms. It's a day for chocolate enthusiasts to savor and share their favorite cocoa-infused treats.
302,National Sandwich Day,food,2023-11-03,lunch.png,"National Sandwich Day honors the versatile and classic meal, the sandwich. It's a day for sandwich enthusiasts to enjoy a wide variety of delicious combinations and flavors."
303,National Candy Day,food,2023-11-04,taffy.png,National Candy Day celebrates the sweetness of candies in all shapes and sizes. It's a day for candy enthusiasts to indulge in their favorite sugary treats.
304,National Sundae Day,food,2023-11-11,sundae.png,"National Sundae Day celebrates the delightful combination of ice cream, toppings, and sauces. It's a day for sundae enthusiasts to create and enjoy their own delicious ice cream sundaes."
305,National Pickle Day,food,2023-11-14,pickle.png,National Pickle Day honors the crunchy and tangy delight of pickles. It's a day for pickle enthusiasts to enjoy pickles on their own or as a tasty addition to sandwiches and snacks.
306,National Cake Day,food,2023-11-26,cake.png,"National Cake Day celebrates the joy of cakes in all their forms. It's a day for cake enthusiasts to indulge in slices of their favorite cakes, from chocolate to vanilla to exotic flavors."
307,National Cookie Day,food,2023-12-04,choc_chip_cookie.png,"National Cookie Day celebrates the beloved baked treat, cookies. It's a day for cookie enthusiasts to enjoy a variety of cookies, from classic chocolate chip to oatmeal raisin and beyond."
308,National Brownie Day,food,2023-12-08,blonde_brownie.png,"National Brownie Day honors the rich and fudgy dessert, brownies. It's a day for brownie enthusiasts to savor the delicious combination of chocolatey goodness and chewy texture."
309,National Cupcake Day,food,2023-12-15,cupcake.png,"National Cupcake Day celebrates the delightful and individual-sized treat, cupcakes. It's a day for cupcake enthusiasts to enjoy these miniature cakes in a variety of flavors and decorations."
310,National Maple Syrup Day,food,2023-12-17,maple_syrup.png,"National Maple Syrup Day honors the sweet and natural syrup derived from maple trees. It's a day for maple syrup enthusiasts to enjoy its rich flavor on pancakes, waffles, and other breakfast treats."
311,National Bacon Day,food,2023-12-30,bacon.png,"National Bacon Day celebrates the savory and crispy delight of bacon. It's a day for bacon enthusiasts to enjoy this popular meat in breakfast dishes, sandwiches, and various recipes."
312,National Wear Red Day,health,2023-02-03,wear_red.png,"National Wear Red Day raises awareness about heart disease in women. It's a day to wear red and support heart health initiatives, encouraging healthy lifestyle choices."
313,World Cancer Day,health,2023-02-04,cancer.png,"World Cancer Day raises awareness and promotes actions to prevent, detect, and treat cancer globally. It's a day for individuals and organizations to unite in the fight against cancer."
314,National Kick Butts Day,health,2023-03-15,kick_butts.png,"National Kick Butts Day raises awareness about the dangers of tobacco use and advocates for a smoke-free future, especially among youth. It's a day for communities to take a stand against smoking."
315,World Health Day,health,2023-04-07,world_health.png,World Health Day raises awareness about global health issues and encourages actions to promote well-being. It's a day for individuals and organizations to come together in support of universal health coverage.
316,World Blood Donor Day,health,2023-06-14,blood_donar.png,World Blood Donor Day recognizes the importance of voluntary blood donation to save lives. It's a day to appreciate blood donors and encourage more people to donate blood.
317,National Hydration Day,health,2023-06-23,hydration.png,National Hydration Day promotes the importance of staying hydrated for overall health. It's a day for individuals to focus on drinking enough water and maintaining good hydration.
318,National Stay Out of the Sun Day,health,2023-07-03,sunscreen.png,National Stay Out of the Sun Day encourages sun safety awareness to prevent skin damage. It's a day to protect against the harmful effects of excessive sun exposure.
319,World Hepatitis Day,health,2023-07-28,hepatitis.png,World Hepatitis Day raises awareness about viral hepatitis and promotes actions to eliminate the disease. It's a day for advocacy and education on hepatitis prevention and treatment.
320,World Mental Health Day,health,2023-10-10,mental_health.png,World Mental Health Day raises awareness about mental health issues and advocates for mental health care. It's a day for promoting mental well-being and reducing stigma surrounding mental health challenges.
321,Ides of March,historical,2023-03-15,ides_of_march.png,The Ides of March marks the assassination of Julius Caesar in ancient Rome. It's a day historically associated with political upheaval and cautionary warnings.
322,National Winston Churchill Day,historical,2023-04-09,churchill.png,"National Winston Churchill Day honors the renowned British statesman, Winston Churchill. It's a day to reflect on his leadership during World War II and his contributions to history."
323,Harvey Milk Day,historical,2023-05-22,harvey_milk.png,"Harvey Milk Day commemorates the birthday of Harvey Milk, a pioneering gay rights activist. It's a day to honor Milk's advocacy for LGBTQ+ rights and equality."
324,Nelson Mandela International Day,historical,2023-07-18,mandela.png,"Nelson Mandela International Day celebrates the birthday of Nelson Mandela and promotes his legacy of peace, reconciliation, and social justice. It's a day for acts of service and community engagement."
325,National Skyscraper Day,historical,2023-09-03,skyscraper.png,National Skyscraper Day celebrates the architectural marvels of skyscrapers. It's a day to appreciate the engineering and design behind these tall buildings.
326,National Dress Up Your Pet Day,pet,2023-01-14,dog_dress_up.png,National Dress Up Your Pet Day encourages pet owners to have fun dressing up their furry friends. It's a day for creative pet costumes and adorable photo opportunities.
327,National Love Your Pet Day,pet,2023-02-20,pet_love.png,"National Love Your Pet Day celebrates the special bond between pets and their owners. It's a day to show extra love and attention to pets through play, treats, and care."
328,Walking the Dog Day,pet,2023-02-22,walking_dog.png,"Walking the Dog Day encourages dog owners to take their furry companions for a stroll. It's a day to promote exercise, bonding, and outdoor enjoyment with dogs."
329,International Dog Biscuit Appreciation Day,pet,2023-02-23,dog_buscuit.png,International Dog Biscuit Appreciation Day celebrates the tasty treats for dogs. It's a day to acknowledge the joy that dog biscuits bring to our canine friends.
330,National K9 Veterans Day,pet,2023-03-13,k9.png,National K9 Veterans Day honors the contributions of military working dogs. It's a day to recognize the bravery and service of these loyal and dedicated dogs.
331,National Puppy Day,pet,2023-03-23,puppy.png,"National Puppy Day celebrates the joy and love that puppies bring into our lives. It's a day to promote puppy adoption, responsible pet ownership, and the well-being of puppies."
332,Respect Your Cat Day,pet,2023-03-28,cat.png,Respect Your Cat Day encourages cat owners to show extra love and consideration to their feline companions. It's a day to understand and appreciate the unique qualities of cats.
333,National Pet Day,pet,2023-04-11,pet_love.png,National Pet Day celebrates all pets and encourages responsible pet ownership. It's a day for pet owners to show appreciation for the companionship and joy that pets bring.
334,National Hug Your Cat Day,pet,2023-06-04,pet_love.png,National Hug Your Cat Day invites cat owners to give their feline friends extra affection. It's a day to celebrate the bond between cats and their human companions.
335,National Take Your Dog to Work Day,pet,2023-06-23,walking_dog.png,National Take Your Dog to Work Day encourages employers to allow dogs in the workplace. It's a day to celebrate the companionship of dogs and promote pet adoption.
336,National Kitten Day,pet,2023-07-10,kitten.png,National Kitten Day celebrates the adorable and playful nature of kittens. It's a day to appreciate the cuteness and charm of these young feline friends.
337,National Mutt Day,pet,2023-07-31,mutt.png,National Mutt Day promotes the adoption of mixed-breed dogs. It's a day to celebrate the uniqueness and individuality of mutts and advocate for their well-being.
338,World Cat Day,pet,2023-08-08,cat_day.png,World Cat Day celebrates the companionship of cats and promotes their well-being. It's a day for cat owners to pamper and appreciate their feline friends.
339,National Spoil Your Dog Day,pet,2023-08-10,spoil_dog.png,"National Spoil Your Dog Day encourages dog owners to indulge their canine companions. It's a day for treats, toys, and extra love to celebrate the bond between dogs and their owners."
340,National Black Cat Appreciation Day,pet,2023-08-17,black_cat.png,National Black Cat Appreciation Day celebrates black cats and raises awareness about their adoption. It's a day to dispel myths and appreciate the beauty of black cats.
341,National Dog Day,pet,2023-08-26,rover.png,"National Dog Day celebrates all breeds of dogs and promotes their well-being. It's a day to honor the loyalty, love, and companionship that dogs bring to our lives."
342,National Holistic Pet Day,pet,2023-08-30,holistic_pet.png,National Holistic Pet Day encourages holistic approaches to pet care. It's a day for pet owners to explore natural and holistic methods to promote the health and well-being of their pets.
343,National Dogs in Politics Day,pet,2023-09-23,dog_politics.png,National Dogs in Politics Day recognizes dogs in public office and government. It's a day to celebrate the contributions of dogs to politics and public service.
344,National Reptile Awareness Day,pet,2023-10-21,reptile.png,National Reptile Awareness Day promotes awareness and appreciation for reptiles as pets. It's a day to educate the public about responsible reptile ownership and conservation.
345,National Cat Day,pet,2023-10-29,holistic_pet.png,"National Cat Day celebrates the love and companionship of cats. It's a day to promote cat adoption, responsible ownership, and the well-being of feline friends."
346,Galentine's Day,pop-culture,2023-02-13,galentines.png,"Galentine's Day, popularized by the TV show ""Parks and Recreation,"" celebrates female friendships. It's a day for women to appreciate and uplift their gal pals."
347,Star Wars Day,pop-culture,2023-05-04,starwars.png,"Star Wars Day, celebrated on May the Fourth, pays homage to the iconic ""Star Wars"" franchise. It's a day for fans to enjoy Star Wars-related activities and express their love for the galaxy far, far away."
348,National Donald Duck Day,pop-culture,2023-06-09,donald_duck.png,"National Donald Duck Day honors the beloved Disney character, Donald Duck. It's a day for fans to celebrate the comedic and iconic duck in cartoons and comics."
349,World Beatles Day,pop-culture,2023-06-25,beatles.png,World Beatles Day celebrates the music and legacy of The Beatles. It's a day for fans to enjoy their favorite Beatles songs and commemorate the influence of the legendary band.
350,World Social Media Day,pop-culture,2023-06-30,social_media.png,World Social Media Day recognizes the impact of social media on communication and connectivity. It's a day for social media enthusiasts to celebrate the positive aspects of online interaction.
351,World Emoji Day,pop-culture,2023-07-17,emoji.png,World Emoji Day celebrates the fun and expressive world of emojis. It's a day for emoji enthusiasts to use and share their favorite emojis in digital communication.
352,Spider-Man Day,pop-culture,2023-08-01,spiderman.png,"Spider-Man Day honors the iconic Marvel superhero, Spider-Man. It's a day for fans to celebrate the character's debut and contributions to comic book history."
353,Answer The Telephone Like Buddy The Elf Day,pop-culture,2023-12-18,elf.png,"Answer The Telephone Like Buddy The Elf Day encourages playful and cheerful phone conversations inspired by the character Buddy from the movie ""Elf."" It's a day for lighthearted communication and spreading holiday joy."
354,Singles Awareness Day,relationship,2023-02-15,single.png,"Singles Awareness Day, often humorously abbreviated as S.A.D., celebrates the independence and achievements of single individuals. It's a day to embrace self-love and appreciation."
355,National Ex Spouse Day,relationship,2023-04-14,divorce.png,National Ex Spouse Day provides an opportunity to acknowledge and maintain positive relationships with former spouses. It's a day for reflection and understanding.
356,National Look-Alike Day,relationship,2023-04-20,look_alike.png,"National Look-Alike Day celebrates the fun of finding people who look similar to you. It's a day for laughter, twin-like encounters, and sharing the joy of resemblance."
357,National Best Friends' Day,relationship,2023-06-08,galentines.png,"National Best Friends' Day honors the special bond of friendship. It's a day for friends to express gratitude, make memories, and celebrate the joys of companionship."
358,International Day of Friendship,relationship,2023-07-30,galentines.png,International Day of Friendship promotes friendship and understanding among cultures and nations. It's a day for people worldwide to foster relationships and build bridges.
359,National Girlfriends Day,relationship,2023-08-01,galentines.png,National Girlfriends Day celebrates the bond between female friends. It's a day for women to show appreciation for their girlfriends and enjoy quality time together.
360,National Friendship Day,relationship,2023-08-07,galentines.png,"National Friendship Day celebrates the importance of friendship. It's a day for people to express gratitude, make new friends, and cherish the connections they have."
361,National Boyfriend Day,relationship,2023-10-03,boyfriend.png,National Boyfriend Day honors boyfriends and the love they bring into relationships. It's a day for couples to celebrate their connection and appreciate their significant others.
362,National Unfriend Day,relationship,2023-11-17,unfriend.png,National Unfriend Day encourages people to declutter their social media by unf
363,World Backup Day,technology,2023-03-31,backup.png,World Backup Day is dedicated to raising awareness about the importance of regularly backing up data to prevent data loss. It encourages individuals and businesses to take steps to safeguard their digital information.
364,National Telephone Day,technology,2023-04-25,telephone.png,National Telephone Day celebrates the invention and history of the telephone. It's a day to appreciate how this communication device has evolved and revolutionized the way people connect with each other.
365,National Day of Civic Hacking,technology,2023-06-04,civic_hacking.png,"The National Day of Civic Hacking brings together technologists, government officials, and community members to collaborate on using technology for civic improvement. It encourages open innovation and problem-solving for public benefit."
366,National Video Game Day,technology,2023-07-08,video_game.png,"On National Video Game Day, gamers celebrate their love for video games and the gaming culture. It's a day for enthusiasts to share their favorite games, engage in multiplayer sessions, and appreciate the art and technology behind gaming."
367,National Radio Day,technology,2023-08-20,radio.png,"National Radio Day honors the invention and impact of radio broadcasting. It's a day to recognize the role of radio in communication, entertainment, and information dissemination, highlighting its historical and contemporary significance."
368,National Video Games Day,technology,2023-09-12,video_game.png,"Similar to National Video Game Day, this occasion specifically emphasizes the enjoyment and social aspects of playing video games. Gamers come together to celebrate their shared passion for gaming and the diverse gaming community."
369,International Podcast Day,technology,2023-09-30,podcast.png,"International Podcast Day is a celebration of the podcasting medium. It encourages podcasters and listeners worldwide to appreciate the diversity of podcasts and the unique storytelling, education, and entertainment they offer."
370,National Clean Your Virtual Desktop Day,technology,2023-10-17,clean_desktop.png,"National Clean Your Virtual Desktop Day promotes digital organization and cybersecurity. It's a day for computer users to tidy up their virtual desktops, declutter files, and enhance the efficiency and security of their digital workspaces."
371,National Internet Day,technology,2023-10-29,internet_day.png,"National Internet Day recognizes the transformative impact of the internet on communication, information access, and global connectivity. It's a day to celebrate the positive contributions of the internet to modern society and daily life."
